{"Mods":[{"Author":"Rob Lapham","Name":"Many More Monsters - Zero Exp","Folder":"ManyMoreMonsters_ZeroExp","Version":"108790078498668544","Description":"Makes all added enemies give 0 exp. Will always be compatible with future versions. If something gave exp it's because I didn't assign it a custom exp table key, not because this needs updating.","UUID":"57a6c3a9-f9a0-4d55-ac20-4dc63e1de77f","Created":"2026-01-09T19:24:58.3094795+11:00","Dependencies":[],"Group":"d0bf6da3-1770-4411-afbf-0bf2970a3c54"}],"MD5":"ded30cd78c9551b5b5545f9161bd2fa8"}