{"Mods":[{"Author":"Rob Lapham","Name":"Many More Monsters - Encounters Overhaul Compatibility Patch","Folder":"ManyMoreMonsters_EOPatch","Version":"108790078498668544","Description":"Moves some enemies around to be more compatible with EO. May be buggy depending on EO scripting. Warning: Not extensively testing this myself (but no problems on initial run).","UUID":"057bdd4e-5285-43fc-a174-2577e70f217f","Created":"2026-01-09T19:24:53.3362471+11:00","Dependencies":[],"Group":"400e6307-c000-4402-a483-a33f50224ca5"}],"MD5":"0ce397e9a9b856972e07faa9c0bb4739"}